Course name,Course link,Course description,Price,Starting date,Whether it is live or self-paced,Number of lessons,Total duration in number of hours,Who the course is meant for
Deep Learning Mastery 1,https://vizuara.ai/courses/deep-learning-1,Industry-oriented training with assignments and guided labs. Focus on deep learning applications.,3999,2026-07-15,Self-paced,14,30.6,Software Engineers
Reinforcement Learning Mastery 2,https://vizuara.ai/courses/reinforcement-learning-2,Step-by-step approach to mastering concepts with real applications. Focus on reinforcement learning applications.,4999,2026-08-27,Self-paced,15,46.8,Product Managers
Data Science Mastery 3,https://vizuara.ai/courses/data-science-3,Step-by-step approach to mastering concepts with real applications. Focus on data science applications.,3999,2026-04-16,Self-paced,33,26.4,Data Scientists
Prompt Engineering Mastery 4,https://vizuara.ai/courses/prompt-engineering-4,Comprehensive course covering fundamentals to advanced techniques. Focus on prompt engineering applications.,3999,2026-06-11,Live,47,45.6,Business Analysts
NLP Mastery 5,https://vizuara.ai/courses/nlp-5,Industry-oriented training with assignments and guided labs. Focus on nlp applications.,3999,2026-04-20,Self-paced,24,47.7,Business Analysts
Machine Learning Mastery 6,https://vizuara.ai/courses/machine-learning-6,Learn practical concepts with hands-on projects and real-world case studies. Focus on machine learning applications.,2999,2026-09-06,Self-paced,51,48.0,College Students
MLOps Mastery 7,https://vizuara.ai/courses/mlops-7,Learn practical concepts with hands-on projects and real-world case studies. Focus on mlops applications.,2999,2026-09-21,Live,19,16.8,College Students
Deep Learning Mastery 8,https://vizuara.ai/courses/deep-learning-8,Step-by-step approach to mastering concepts with real applications. Focus on deep learning applications.,3999,2026-08-31,Self-paced,37,57.9,Data Scientists
Data Science Mastery 9,https://vizuara.ai/courses/data-science-9,Learn practical concepts with hands-on projects and real-world case studies. Focus on data science applications.,1999,2026-09-19,Live,31,49.8,College Students
Data Science Mastery 10,https://vizuara.ai/courses/data-science-10,Industry-oriented training with assignments and guided labs. Focus on data science applications.,1999,2026-09-27,Self-paced,57,35.4,Software Engineers
MLOps Mastery 11,https://vizuara.ai/courses/mlops-11,Comprehensive course covering fundamentals to advanced techniques. Focus on mlops applications.,5999,2026-05-24,Live,29,8.8,Beginners in AI
Deep Learning Mastery 12,https://vizuara.ai/courses/deep-learning-12,Industry-oriented training with assignments and guided labs. Focus on deep learning applications.,5999,2026-07-16,Self-paced,15,24.2,Software Engineers
Reinforcement Learning Mastery 13,https://vizuara.ai/courses/reinforcement-learning-13,Step-by-step approach to mastering concepts with real applications. Focus on reinforcement learning applications.,1999,2026-08-02,Live,23,12.6,Software Engineers
NLP Mastery 14,https://vizuara.ai/courses/nlp-14,Learn practical concepts with hands-on projects and real-world case studies. Focus on nlp applications.,5999,2026-04-22,Self-paced,32,43.5,Business Analysts
Data Science Mastery 15,https://vizuara.ai/courses/data-science-15,Industry-oriented training with assignments and guided labs. Focus on data science applications.,5999,2026-04-24,Self-paced,45,58.5,College Students
MLOps Mastery 16,https://vizuara.ai/courses/mlops-16,Industry-oriented training with assignments and guided labs. Focus on mlops applications.,5999,2026-07-19,Self-paced,37,15.1,Business Analysts
Deep Learning Mastery 17,https://vizuara.ai/courses/deep-learning-17,Step-by-step approach to mastering concepts with real applications. Focus on deep learning applications.,1999,2026-08-12,Self-paced,27,34.3,Data Scientists
AI for Business Mastery 18,https://vizuara.ai/courses/ai-for-business-18,Step-by-step approach to mastering concepts with real applications. Focus on ai for business applications.,4999,2026-06-13,Live,58,22.8,Product Managers
Generative AI Mastery 19,https://vizuara.ai/courses/generative-ai-19,Learn practical concepts with hands-on projects and real-world case studies. Focus on generative ai applications.,1999,2026-04-04,Self-paced,45,15.4,Business Analysts
AI for Business Mastery 20,https://vizuara.ai/courses/ai-for-business-20,Industry-oriented training with assignments and guided labs. Focus on ai for business applications.,5999,2026-07-13,Self-paced,43,54.4,Product Managers
Computer Vision Mastery 21,https://vizuara.ai/courses/computer-vision-21,Step-by-step approach to mastering concepts with real applications. Focus on computer vision applications.,2999,2026-09-19,Live,15,17.0,Beginners in AI
Reinforcement Learning Mastery 22,https://vizuara.ai/courses/reinforcement-learning-22,Learn practical concepts with hands-on projects and real-world case studies. Focus on reinforcement learning applications.,2999,2026-06-19,Live,59,27.4,Data Scientists
Data Science Mastery 23,https://vizuara.ai/courses/data-science-23,Industry-oriented training with assignments and guided labs. Focus on data science applications.,5999,2026-05-29,Live,45,41.8,Data Scientists
MLOps Mastery 24,https://vizuara.ai/courses/mlops-24,Learn practical concepts with hands-on projects and real-world case studies. Focus on mlops applications.,1999,2026-05-02,Self-paced,41,32.5,Product Managers
MLOps Mastery 25,https://vizuara.ai/courses/mlops-25,Industry-oriented training with assignments and guided labs. Focus on mlops applications.,3999,2026-05-23,Live,37,52.1,Data Scientists
Data Science Mastery 26,https://vizuara.ai/courses/data-science-26,Learn practical concepts with hands-on projects and real-world case studies. Focus on data science applications.,3999,2026-08-15,Self-paced,45,12.5,Beginners in AI
AI for Business Mastery 27,https://vizuara.ai/courses/ai-for-business-27,Comprehensive course covering fundamentals to advanced techniques. Focus on ai for business applications.,5999,2026-08-17,Self-paced,35,53.8,Beginners in AI
Prompt Engineering Mastery 28,https://vizuara.ai/courses/prompt-engineering-28,Learn practical concepts with hands-on projects and real-world case studies. Focus on prompt engineering applications.,1999,2026-08-09,Live,26,5.2,Beginners in AI
Deep Learning Mastery 29,https://vizuara.ai/courses/deep-learning-29,Learn practical concepts with hands-on projects and real-world case studies. Focus on deep learning applications.,4999,2026-05-23,Live,39,54.2,College Students
Reinforcement Learning Mastery 30,https://vizuara.ai/courses/reinforcement-learning-30,Industry-oriented training with assignments and guided labs. Focus on reinforcement learning applications.,3999,2026-04-22,Live,30,44.9,Business Analysts
Computer Vision Mastery 31,https://vizuara.ai/courses/computer-vision-31,Learn practical concepts with hands-on projects and real-world case studies. Focus on computer vision applications.,2999,2026-08-28,Self-paced,51,29.4,Beginners in AI
NLP Mastery 32,https://vizuara.ai/courses/nlp-32,Learn practical concepts with hands-on projects and real-world case studies. Focus on nlp applications.,3999,2026-04-22,Live,57,49.3,Beginners in AI
Computer Vision Mastery 33,https://vizuara.ai/courses/computer-vision-33,Industry-oriented training with assignments and guided labs. Focus on computer vision applications.,3999,2026-07-30,Self-paced,40,49.9,Business Analysts
Reinforcement Learning Mastery 34,https://vizuara.ai/courses/reinforcement-learning-34,Industry-oriented training with assignments and guided labs. Focus on reinforcement learning applications.,4999,2026-04-14,Self-paced,43,39.4,Business Analysts
Computer Vision Mastery 35,https://vizuara.ai/courses/computer-vision-35,Learn practical concepts with hands-on projects and real-world case studies. Focus on computer vision applications.,2999,2026-06-07,Live,23,14.6,Product Managers
Generative AI Mastery 36,https://vizuara.ai/courses/generative-ai-36,Step-by-step approach to mastering concepts with real applications. Focus on generative ai applications.,4999,2026-04-03,Live,53,9.8,Beginners in AI
Generative AI Mastery 37,https://vizuara.ai/courses/generative-ai-37,Comprehensive course covering fundamentals to advanced techniques. Focus on generative ai applications.,2999,2026-08-03,Self-paced,31,22.3,Data Scientists
Reinforcement Learning Mastery 38,https://vizuara.ai/courses/reinforcement-learning-38,Step-by-step approach to mastering concepts with real applications. Focus on reinforcement learning applications.,2999,2026-06-21,Live,10,51.7,Product Managers
Data Science Mastery 39,https://vizuara.ai/courses/data-science-39,Industry-oriented training with assignments and guided labs. Focus on data science applications.,2999,2026-04-01,Self-paced,56,25.0,College Students
Prompt Engineering Mastery 40,https://vizuara.ai/courses/prompt-engineering-40,Learn practical concepts with hands-on projects and real-world case studies. Focus on prompt engineering applications.,5999,2026-04-07,Live,35,23.7,Software Engineers
Prompt Engineering Mastery 41,https://vizuara.ai/courses/prompt-engineering-41,Learn practical concepts with hands-on projects and real-world case studies. Focus on prompt engineering applications.,3999,2026-05-25,Live,15,14.3,Data Scientists
MLOps Mastery 42,https://vizuara.ai/courses/mlops-42,Industry-oriented training with assignments and guided labs. Focus on mlops applications.,4999,2026-07-10,Live,12,19.3,Beginners in AI
Computer Vision Mastery 43,https://vizuara.ai/courses/computer-vision-43,Learn practical concepts with hands-on projects and real-world case studies. Focus on computer vision applications.,1999,2026-06-24,Live,60,13.9,Beginners in AI
Machine Learning Mastery 44,https://vizuara.ai/courses/machine-learning-44,Comprehensive course covering fundamentals to advanced techniques. Focus on machine learning applications.,1999,2026-07-06,Self-paced,12,49.3,Software Engineers
Generative AI Mastery 45,https://vizuara.ai/courses/generative-ai-45,Comprehensive course covering fundamentals to advanced techniques. Focus on generative ai applications.,2999,2026-07-02,Self-paced,38,14.7,College Students
MLOps Mastery 46,https://vizuara.ai/courses/mlops-46,Learn practical concepts with hands-on projects and real-world case studies. Focus on mlops applications.,3999,2026-06-26,Live,53,17.7,Business Analysts
Machine Learning Mastery 47,https://vizuara.ai/courses/machine-learning-47,Comprehensive course covering fundamentals to advanced techniques. Focus on machine learning applications.,2999,2026-08-10,Self-paced,46,44.0,Beginners in AI
Data Science Mastery 48,https://vizuara.ai/courses/data-science-48,Comprehensive course covering fundamentals to advanced techniques. Focus on data science applications.,2999,2026-09-27,Live,51,8.8,Product Managers
AI for Business Mastery 49,https://vizuara.ai/courses/ai-for-business-49,Comprehensive course covering fundamentals to advanced techniques. Focus on ai for business applications.,2999,2026-09-14,Live,38,16.8,Data Scientists
Computer Vision Mastery 50,https://vizuara.ai/courses/computer-vision-50,Step-by-step approach to mastering concepts with real applications. Focus on computer vision applications.,1999,2026-05-02,Self-paced,31,14.3,College Students
Generative AI Mastery 51,https://vizuara.ai/courses/generative-ai-51,Comprehensive course covering fundamentals to advanced techniques. Focus on generative ai applications.,4999,2026-07-12,Live,20,31.1,Business Analysts
Prompt Engineering Mastery 52,https://vizuara.ai/courses/prompt-engineering-52,Step-by-step approach to mastering concepts with real applications. Focus on prompt engineering applications.,3999,2026-06-24,Self-paced,47,9.9,Beginners in AI
Reinforcement Learning Mastery 53,https://vizuara.ai/courses/reinforcement-learning-53,Industry-oriented training with assignments and guided labs. Focus on reinforcement learning applications.,1999,2026-08-05,Live,53,17.9,Data Scientists
Data Science Mastery 54,https://vizuara.ai/courses/data-science-54,Industry-oriented training with assignments and guided labs. Focus on data science applications.,1999,2026-05-18,Live,44,28.5,Business Analysts
NLP Mastery 55,https://vizuara.ai/courses/nlp-55,Comprehensive course covering fundamentals to advanced techniques. Focus on nlp applications.,1999,2026-05-19,Self-paced,45,20.4,Business Analysts
Reinforcement Learning Mastery 56,https://vizuara.ai/courses/reinforcement-learning-56,Comprehensive course covering fundamentals to advanced techniques. Focus on reinforcement learning applications.,3999,2026-08-25,Live,15,8.4,Business Analysts
Reinforcement Learning Mastery 57,https://vizuara.ai/courses/reinforcement-learning-57,Comprehensive course covering fundamentals to advanced techniques. Focus on reinforcement learning applications.,3999,2026-05-02,Live,52,49.5,College Students
Computer Vision Mastery 58,https://vizuara.ai/courses/computer-vision-58,Step-by-step approach to mastering concepts with real applications. Focus on computer vision applications.,3999,2026-07-16,Self-paced,45,18.6,Product Managers
Generative AI Mastery 59,https://vizuara.ai/courses/generative-ai-59,Step-by-step approach to mastering concepts with real applications. Focus on generative ai applications.,1999,2026-05-28,Self-paced,52,44.5,Beginners in AI
NLP Mastery 60,https://vizuara.ai/courses/nlp-60,Learn practical concepts with hands-on projects and real-world case studies. Focus on nlp applications.,2999,2026-06-16,Live,53,14.1,Business Analysts
Generative AI Mastery 61,https://vizuara.ai/courses/generative-ai-61,Industry-oriented training with assignments and guided labs. Focus on generative ai applications.,4999,2026-09-10,Live,29,16.8,College Students
Reinforcement Learning Mastery 62,https://vizuara.ai/courses/reinforcement-learning-62,Learn practical concepts with hands-on projects and real-world case studies. Focus on reinforcement learning applications.,3999,2026-05-25,Live,58,8.3,Business Analysts
AI for Business Mastery 63,https://vizuara.ai/courses/ai-for-business-63,Learn practical concepts with hands-on projects and real-world case studies. Focus on ai for business applications.,5999,2026-06-12,Self-paced,58,52.5,Product Managers
Machine Learning Mastery 64,https://vizuara.ai/courses/machine-learning-64,Step-by-step approach to mastering concepts with real applications. Focus on machine learning applications.,2999,2026-06-08,Self-paced,10,16.2,Product Managers
Machine Learning Mastery 65,https://vizuara.ai/courses/machine-learning-65,Industry-oriented training with assignments and guided labs. Focus on machine learning applications.,2999,2026-06-17,Live,22,57.9,Software Engineers
Machine Learning Mastery 66,https://vizuara.ai/courses/machine-learning-66,Industry-oriented training with assignments and guided labs. Focus on machine learning applications.,3999,2026-07-07,Live,21,53.1,Beginners in AI
NLP Mastery 67,https://vizuara.ai/courses/nlp-67,Industry-oriented training with assignments and guided labs. Focus on nlp applications.,2999,2026-05-22,Live,42,26.5,Data Scientists
Deep Learning Mastery 68,https://vizuara.ai/courses/deep-learning-68,Industry-oriented training with assignments and guided labs. Focus on deep learning applications.,1999,2026-04-13,Self-paced,44,58.5,Business Analysts
AI for Business Mastery 69,https://vizuara.ai/courses/ai-for-business-69,Comprehensive course covering fundamentals to advanced techniques. Focus on ai for business applications.,3999,2026-09-18,Self-paced,39,48.0,Product Managers
MLOps Mastery 70,https://vizuara.ai/courses/mlops-70,Step-by-step approach to mastering concepts with real applications. Focus on mlops applications.,4999,2026-04-05,Live,37,23.4,Business Analysts
Generative AI Mastery 71,https://vizuara.ai/courses/generative-ai-71,Step-by-step approach to mastering concepts with real applications. Focus on generative ai applications.,4999,2026-07-07,Self-paced,38,54.2,Data Scientists
Machine Learning Mastery 72,https://vizuara.ai/courses/machine-learning-72,Learn practical concepts with hands-on projects and real-world case studies. Focus on machine learning applications.,2999,2026-07-19,Live,39,54.5,Beginners in AI
Data Science Mastery 73,https://vizuara.ai/courses/data-science-73,Learn practical concepts with hands-on projects and real-world case studies. Focus on data science applications.,5999,2026-08-24,Live,35,13.1,Beginners in AI
Generative AI Mastery 74,https://vizuara.ai/courses/generative-ai-74,Industry-oriented training with assignments and guided labs. Focus on generative ai applications.,1999,2026-04-29,Self-paced,19,44.6,Software Engineers
NLP Mastery 75,https://vizuara.ai/courses/nlp-75,Learn practical concepts with hands-on projects and real-world case studies. Focus on nlp applications.,2999,2026-09-26,Self-paced,27,24.3,Data Scientists
Computer Vision Mastery 76,https://vizuara.ai/courses/computer-vision-76,Step-by-step approach to mastering concepts with real applications. Focus on computer vision applications.,1999,2026-09-20,Self-paced,56,12.4,Product Managers
Reinforcement Learning Mastery 77,https://vizuara.ai/courses/reinforcement-learning-77,Learn practical concepts with hands-on projects and real-world case studies. Focus on reinforcement learning applications.,3999,2026-04-26,Self-paced,11,57.0,Data Scientists
Deep Learning Mastery 78,https://vizuara.ai/courses/deep-learning-78,Learn practical concepts with hands-on projects and real-world case studies. Focus on deep learning applications.,5999,2026-09-08,Live,21,16.0,Beginners in AI
MLOps Mastery 79,https://vizuara.ai/courses/mlops-79,Learn practical concepts with hands-on projects and real-world case studies. Focus on mlops applications.,3999,2026-08-05,Live,35,37.7,Product Managers
Reinforcement Learning Mastery 80,https://vizuara.ai/courses/reinforcement-learning-80,Learn practical concepts with hands-on projects and real-world case studies. Focus on reinforcement learning applications.,2999,2026-09-04,Live,13,14.9,Data Scientists
Prompt Engineering Mastery 81,https://vizuara.ai/courses/prompt-engineering-81,Step-by-step approach to mastering concepts with real applications. Focus on prompt engineering applications.,5999,2026-07-06,Live,54,49.5,Software Engineers
NLP Mastery 82,https://vizuara.ai/courses/nlp-82,Learn practical concepts with hands-on projects and real-world case studies. Focus on nlp applications.,4999,2026-07-07,Live,14,17.9,Business Analysts
Reinforcement Learning Mastery 83,https://vizuara.ai/courses/reinforcement-learning-83,Step-by-step approach to mastering concepts with real applications. Focus on reinforcement learning applications.,1999,2026-08-17,Self-paced,12,29.4,Data Scientists
Reinforcement Learning Mastery 84,https://vizuara.ai/courses/reinforcement-learning-84,Step-by-step approach to mastering concepts with real applications. Focus on reinforcement learning applications.,5999,2026-06-13,Self-paced,11,15.3,Product Managers
Reinforcement Learning Mastery 85,https://vizuara.ai/courses/reinforcement-learning-85,Industry-oriented training with assignments and guided labs. Focus on reinforcement learning applications.,3999,2026-08-25,Self-paced,53,9.5,Beginners in AI
NLP Mastery 86,https://vizuara.ai/courses/nlp-86,Step-by-step approach to mastering concepts with real applications. Focus on nlp applications.,3999,2026-05-02,Self-paced,44,34.2,Product Managers
Machine Learning Mastery 87,https://vizuara.ai/courses/machine-learning-87,Learn practical concepts with hands-on projects and real-world case studies. Focus on machine learning applications.,1999,2026-05-04,Live,38,47.1,Beginners in AI
Generative AI Mastery 88,https://vizuara.ai/courses/generative-ai-88,Industry-oriented training with assignments and guided labs. Focus on generative ai applications.,4999,2026-07-26,Self-paced,11,39.1,Product Managers
Reinforcement Learning Mastery 89,https://vizuara.ai/courses/reinforcement-learning-89,Step-by-step approach to mastering concepts with real applications. Focus on reinforcement learning applications.,4999,2026-04-17,Live,20,26.0,Beginners in AI
Prompt Engineering Mastery 90,https://vizuara.ai/courses/prompt-engineering-90,Comprehensive course covering fundamentals to advanced techniques. Focus on prompt engineering applications.,2999,2026-04-15,Self-paced,32,7.4,College Students
NLP Mastery 91,https://vizuara.ai/courses/nlp-91,Industry-oriented training with assignments and guided labs. Focus on nlp applications.,3999,2026-06-29,Self-paced,38,10.3,Software Engineers
Reinforcement Learning Mastery 92,https://vizuara.ai/courses/reinforcement-learning-92,Step-by-step approach to mastering concepts with real applications. Focus on reinforcement learning applications.,4999,2026-04-06,Self-paced,26,44.2,Beginners in AI
Reinforcement Learning Mastery 93,https://vizuara.ai/courses/reinforcement-learning-93,Step-by-step approach to mastering concepts with real applications. Focus on reinforcement learning applications.,3999,2026-06-07,Self-paced,31,41.3,Product Managers
Data Science Mastery 94,https://vizuara.ai/courses/data-science-94,Industry-oriented training with assignments and guided labs. Focus on data science applications.,5999,2026-09-05,Self-paced,21,53.6,College Students
Machine Learning Mastery 95,https://vizuara.ai/courses/machine-learning-95,Comprehensive course covering fundamentals to advanced techniques. Focus on machine learning applications.,1999,2026-04-27,Self-paced,34,27.4,Software Engineers
Data Science Mastery 96,https://vizuara.ai/courses/data-science-96,Industry-oriented training with assignments and guided labs. Focus on data science applications.,2999,2026-09-22,Self-paced,45,53.0,Business Analysts
Reinforcement Learning Mastery 97,https://vizuara.ai/courses/reinforcement-learning-97,Comprehensive course covering fundamentals to advanced techniques. Focus on reinforcement learning applications.,3999,2026-09-27,Self-paced,14,20.0,Product Managers
Machine Learning Mastery 98,https://vizuara.ai/courses/machine-learning-98,Comprehensive course covering fundamentals to advanced techniques. Focus on machine learning applications.,3999,2026-05-31,Live,57,14.8,Beginners in AI
Reinforcement Learning Mastery 99,https://vizuara.ai/courses/reinforcement-learning-99,Industry-oriented training with assignments and guided labs. Focus on reinforcement learning applications.,5999,2026-05-08,Self-paced,36,44.3,Product Managers
Deep Learning Mastery 100,https://vizuara.ai/courses/deep-learning-100,Step-by-step approach to mastering concepts with real applications. Focus on deep learning applications.,5999,2026-06-20,Live,47,57.6,Product Managers
AI for Business Mastery 101,https://vizuara.ai/courses/ai-for-business-101,Step-by-step approach to mastering concepts with real applications. Focus on ai for business applications.,4999,2026-08-01,Self-paced,19,14.4,Data Scientists
NLP Mastery 102,https://vizuara.ai/courses/nlp-102,Industry-oriented training with assignments and guided labs. Focus on nlp applications.,1999,2026-05-24,Live,37,28.2,Business Analysts
Prompt Engineering Mastery 103,https://vizuara.ai/courses/prompt-engineering-103,Comprehensive course covering fundamentals to advanced techniques. Focus on prompt engineering applications.,4999,2026-05-02,Live,52,38.3,College Students
AI for Business Mastery 104,https://vizuara.ai/courses/ai-for-business-104,Comprehensive course covering fundamentals to advanced techniques. Focus on ai for business applications.,5999,2026-08-14,Live,60,21.4,College Students
Deep Learning Mastery 105,https://vizuara.ai/courses/deep-learning-105,Learn practical concepts with hands-on projects and real-world case studies. Focus on deep learning applications.,5999,2026-05-07,Self-paced,32,42.5,College Students
Data Science Mastery 106,https://vizuara.ai/courses/data-science-106,Comprehensive course covering fundamentals to advanced techniques. Focus on data science applications.,1999,2026-04-03,Self-paced,60,51.8,Software Engineers
Reinforcement Learning Mastery 107,https://vizuara.ai/courses/reinforcement-learning-107,Industry-oriented training with assignments and guided labs. Focus on reinforcement learning applications.,4999,2026-04-13,Self-paced,45,42.0,Beginners in AI
Data Science Mastery 108,https://vizuara.ai/courses/data-science-108,Learn practical concepts with hands-on projects and real-world case studies. Focus on data science applications.,2999,2026-04-24,Live,41,29.0,Product Managers
Reinforcement Learning Mastery 109,https://vizuara.ai/courses/reinforcement-learning-109,Learn practical concepts with hands-on projects and real-world case studies. Focus on reinforcement learning applications.,4999,2026-08-22,Self-paced,59,12.4,Data Scientists
NLP Mastery 110,https://vizuara.ai/courses/nlp-110,Industry-oriented training with assignments and guided labs. Focus on nlp applications.,1999,2026-05-30,Live,32,37.5,College Students
NLP Mastery 111,https://vizuara.ai/courses/nlp-111,Industry-oriented training with assignments and guided labs. Focus on nlp applications.,2999,2026-06-14,Live,14,44.3,Product Managers
Computer Vision Mastery 112,https://vizuara.ai/courses/computer-vision-112,Learn practical concepts with hands-on projects and real-world case studies. Focus on computer vision applications.,2999,2026-04-30,Live,40,40.8,Product Managers
Reinforcement Learning Mastery 113,https://vizuara.ai/courses/reinforcement-learning-113,Industry-oriented training with assignments and guided labs. Focus on reinforcement learning applications.,5999,2026-05-20,Live,39,28.5,Product Managers
Computer Vision Mastery 114,https://vizuara.ai/courses/computer-vision-114,Industry-oriented training with assignments and guided labs. Focus on computer vision applications.,2999,2026-06-29,Live,15,10.8,Beginners in AI
Prompt Engineering Mastery 115,https://vizuara.ai/courses/prompt-engineering-115,Learn practical concepts with hands-on projects and real-world case studies. Focus on prompt engineering applications.,4999,2026-07-16,Live,60,24.7,Software Engineers
AI for Business Mastery 116,https://vizuara.ai/courses/ai-for-business-116,Comprehensive course covering fundamentals to advanced techniques. Focus on ai for business applications.,3999,2026-05-22,Self-paced,14,36.8,Data Scientists
MLOps Mastery 117,https://vizuara.ai/courses/mlops-117,Step-by-step approach to mastering concepts with real applications. Focus on mlops applications.,3999,2026-06-18,Self-paced,59,42.9,Beginners in AI
MLOps Mastery 118,https://vizuara.ai/courses/mlops-118,Comprehensive course covering fundamentals to advanced techniques. Focus on mlops applications.,3999,2026-06-29,Live,10,24.0,Product Managers
Data Science Mastery 119,https://vizuara.ai/courses/data-science-119,Learn practical concepts with hands-on projects and real-world case studies. Focus on data science applications.,4999,2026-09-04,Self-paced,36,33.8,Software Engineers
Machine Learning Mastery 120,https://vizuara.ai/courses/machine-learning-120,Comprehensive course covering fundamentals to advanced techniques. Focus on machine learning applications.,3999,2026-06-11,Live,18,9.0,Software Engineers
Prompt Engineering Mastery 121,https://vizuara.ai/courses/prompt-engineering-121,Industry-oriented training with assignments and guided labs. Focus on prompt engineering applications.,1999,2026-08-31,Live,42,12.2,Beginners in AI
Reinforcement Learning Mastery 122,https://vizuara.ai/courses/reinforcement-learning-122,Comprehensive course covering fundamentals to advanced techniques. Focus on reinforcement learning applications.,5999,2026-04-11,Self-paced,56,58.0,Software Engineers
NLP Mastery 123,https://vizuara.ai/courses/nlp-123,Industry-oriented training with assignments and guided labs. Focus on nlp applications.,1999,2026-09-20,Self-paced,14,54.4,College Students
MLOps Mastery 124,https://vizuara.ai/courses/mlops-124,Learn practical concepts with hands-on projects and real-world case studies. Focus on mlops applications.,4999,2026-07-19,Live,36,30.3,College Students
Generative AI Mastery 125,https://vizuara.ai/courses/generative-ai-125,Comprehensive course covering fundamentals to advanced techniques. Focus on generative ai applications.,3999,2026-05-30,Live,60,47.4,Software Engineers
Generative AI Mastery 126,https://vizuara.ai/courses/generative-ai-126,Comprehensive course covering fundamentals to advanced techniques. Focus on generative ai applications.,1999,2026-04-24,Live,41,26.5,Data Scientists
Prompt Engineering Mastery 127,https://vizuara.ai/courses/prompt-engineering-127,Learn practical concepts with hands-on projects and real-world case studies. Focus on prompt engineering applications.,2999,2026-06-07,Self-paced,44,30.9,Data Scientists
MLOps Mastery 128,https://vizuara.ai/courses/mlops-128,Learn practical concepts with hands-on projects and real-world case studies. Focus on mlops applications.,5999,2026-08-24,Live,32,41.3,Business Analysts
NLP Mastery 129,https://vizuara.ai/courses/nlp-129,Comprehensive course covering fundamentals to advanced techniques. Focus on nlp applications.,3999,2026-08-25,Self-paced,32,8.8,College Students
Prompt Engineering Mastery 130,https://vizuara.ai/courses/prompt-engineering-130,Step-by-step approach to mastering concepts with real applications. Focus on prompt engineering applications.,1999,2026-08-03,Live,35,12.9,Product Managers
MLOps Mastery 131,https://vizuara.ai/courses/mlops-131,Industry-oriented training with assignments and guided labs. Focus on mlops applications.,2999,2026-04-16,Self-paced,60,16.0,Business Analysts
Data Science Mastery 132,https://vizuara.ai/courses/data-science-132,Step-by-step approach to mastering concepts with real applications. Focus on data science applications.,2999,2026-07-20,Self-paced,43,30.4,College Students
Computer Vision Mastery 133,https://vizuara.ai/courses/computer-vision-133,Industry-oriented training with assignments and guided labs. Focus on computer vision applications.,3999,2026-04-21,Self-paced,33,42.4,Business Analysts
Reinforcement Learning Mastery 134,https://vizuara.ai/courses/reinforcement-learning-134,Learn practical concepts with hands-on projects and real-world case studies. Focus on reinforcement learning applications.,5999,2026-07-29,Self-paced,50,51.1,Software Engineers
MLOps Mastery 135,https://vizuara.ai/courses/mlops-135,Step-by-step approach to mastering concepts with real applications. Focus on mlops applications.,1999,2026-09-26,Self-paced,25,9.1,Data Scientists
Reinforcement Learning Mastery 136,https://vizuara.ai/courses/reinforcement-learning-136,Step-by-step approach to mastering concepts with real applications. Focus on reinforcement learning applications.,3999,2026-06-12,Self-paced,29,31.5,Software Engineers
AI for Business Mastery 137,https://vizuara.ai/courses/ai-for-business-137,Learn practical concepts with hands-on projects and real-world case studies. Focus on ai for business applications.,1999,2026-07-21,Live,60,45.2,Product Managers
Deep Learning Mastery 138,https://vizuara.ai/courses/deep-learning-138,Step-by-step approach to mastering concepts with real applications. Focus on deep learning applications.,2999,2026-05-11,Self-paced,10,58.7,Data Scientists
AI for Business Mastery 139,https://vizuara.ai/courses/ai-for-business-139,Industry-oriented training with assignments and guided labs. Focus on ai for business applications.,2999,2026-06-30,Self-paced,45,35.6,Data Scientists
Prompt Engineering Mastery 140,https://vizuara.ai/courses/prompt-engineering-140,Industry-oriented training with assignments and guided labs. Focus on prompt engineering applications.,3999,2026-07-10,Self-paced,12,17.0,Data Scientists
Computer Vision Mastery 141,https://vizuara.ai/courses/computer-vision-141,Industry-oriented training with assignments and guided labs. Focus on computer vision applications.,2999,2026-09-14,Live,40,33.7,Data Scientists
Generative AI Mastery 142,https://vizuara.ai/courses/generative-ai-142,Comprehensive course covering fundamentals to advanced techniques. Focus on generative ai applications.,4999,2026-07-18,Live,49,18.5,College Students
Reinforcement Learning Mastery 143,https://vizuara.ai/courses/reinforcement-learning-143,Step-by-step approach to mastering concepts with real applications. Focus on reinforcement learning applications.,5999,2026-05-23,Live,21,42.9,College Students
MLOps Mastery 144,https://vizuara.ai/courses/mlops-144,Learn practical concepts with hands-on projects and real-world case studies. Focus on mlops applications.,1999,2026-04-09,Self-paced,47,13.6,Data Scientists
Deep Learning Mastery 145,https://vizuara.ai/courses/deep-learning-145,Learn practical concepts with hands-on projects and real-world case studies. Focus on deep learning applications.,4999,2026-04-11,Live,47,21.1,Software Engineers
Deep Learning Mastery 146,https://vizuara.ai/courses/deep-learning-146,Step-by-step approach to mastering concepts with real applications. Focus on deep learning applications.,1999,2026-08-22,Live,44,40.8,Software Engineers
MLOps Mastery 147,https://vizuara.ai/courses/mlops-147,Industry-oriented training with assignments and guided labs. Focus on mlops applications.,2999,2026-09-28,Live,27,37.2,Beginners in AI
Reinforcement Learning Mastery 148,https://vizuara.ai/courses/reinforcement-learning-148,Learn practical concepts with hands-on projects and real-world case studies. Focus on reinforcement learning applications.,2999,2026-05-03,Self-paced,31,23.9,Beginners in AI
Generative AI Mastery 149,https://vizuara.ai/courses/generative-ai-149,Industry-oriented training with assignments and guided labs. Focus on generative ai applications.,4999,2026-07-14,Self-paced,55,42.6,College Students
Data Science Mastery 150,https://vizuara.ai/courses/data-science-150,Learn practical concepts with hands-on projects and real-world case studies. Focus on data science applications.,3999,2026-04-23,Self-paced,13,15.5,Software Engineers
